{"AUS": 0, "BDL": 1, "BHM": 2, "BNA": 3, "BOS": 4, "BWI": 5, "CHS": 6, "CLT": 7, "CMH": 8, "CVG": 9, "DCA": 10, "DEN": 11, "DFW": 12, "DTW": 13, "EWR": 14, "FLL": 15, "GSO": 16, "GSP": 17, "HOU": 18, "IAD": 19, "IAH": 20, "IND": 21, "JAX": 22, "JFK": 23, "LAS": 24, "LAX": 25, "LEX": 26, "LGA": 27, "MCI": 28, "MCO": 29, "MDW": 30, "MIA": 31, "MSP": 32, "MSY": 33, "OKC": 34, "ORD": 35, "PBI": 36, "PHL": 37, "PHX": 38, "PIT": 39, "RDU": 40, "RIC": 41, "RSW": 42, "SAT": 43, "SEA": 44, "SJU": 45, "SLC": 46, "SRQ": 47, "TPA": 48, "VPS": 49}